group,n,mean,median,std,q25,q75,iqr
Non-White,23,0.9732608893244342,0.9766355691078141,0.011293513481027612,0.9718408166248331,0.979477566998108,0.007636750373274825
White,53,0.9743085193744493,0.9775090595396454,0.011685062570488096,0.9722726805902193,0.9804065503378685,0.00813386974764918
