{
  "chi2_sex_by_race": {
    "test": "chi2",
    "chi2": 3.987238457816386,
    "p": 0.6784034972399187,
    "dof": 6,
    "cramers_v": 0.05638808380384005
  },
  "chi2_race_by_manufacturer": {
    "test": "chi2",
    "chi2": 5.43151804018827,
    "p": 0.48977201599284537,
    "dof": 6,
    "cramers_v": 0.06581302377974825
  },
  "chi2_race_by_field_strength": {
    "test": "chi2",
    "chi2": 6.292526158501449,
    "p": 0.39123145250611613,
    "dof": 6,
    "cramers_v": 0.07083758496575854
  }
}