{
  "chi2_sex_by_race": {
    "test": "chi2",
    "chi2": 6.989697950377561,
    "p": 0.3218009788211657,
    "dof": 6,
    "cramers_v": 0.09358963611395124
  },
  "chi2_race_by_manufacturer": {
    "test": "chi2",
    "chi2": 8.182226722278964,
    "p": 0.22505465036781383,
    "dof": 6,
    "cramers_v": 0.101259157340024
  },
  "chi2_race_by_field_strength": {
    "test": "chi2",
    "chi2": 9.448372950163272,
    "p": 0.14988752911078632,
    "dof": 6,
    "cramers_v": 0.10881206897025743
  }
}