property,mean,std,n_outliers_2sigma,n_outliers_3sigma,pct_2sigma,pct_3sigma
width,449.99043062200957,124.02823831199453,2,0,0.2%,0.0%
height,449.99043062200957,124.02823831199453,2,0,0.2%,0.0%
n_slices,15.212918660287082,1.3184644620437316,80,12,6.4%,1.0%
spacing_x,0.5295684289371378,0.15090009197676288,19,0,1.5%,0.0%
spacing_y,0.5295684289371378,0.15090009197676288,19,0,1.5%,0.0%
spacing_z,3.9554385060898993,0.16906225583330603,79,72,6.3%,5.7%
