group,n,mean,median,std,q25,q75,iqr
Black,16,3.8487438151094655,2.875725295003325,4.753172128814723,1.0870329456828804,3.990000009536743,2.902967063853863
White,53,2.0819891175243073,1.375,1.5536952768978576,0.8593997955322266,3.990000009536743,3.1306002140045166
