label,dir,dpd,best_group,worst_group,best_rate,worst_rate
gold,0.9523809523809523,0.04761904761904767,40-60,<40,1.0,0.9523809523809523
silver,1.0,0.0,<40,<40,1.0,1.0
