label,dir,dpd,best_group,worst_group,best_rate,worst_rate
gold,0.9749163879598662,0.024610336341263306,White,Non-White,0.9811320754716981,0.9565217391304348
silver,1.0,0.0,White,White,1.0,1.0
